Year,Month,Year_Month,Geographic Location,Location,Latitude,Longitude,Drought / No Drought
2014,March,2014-03,Cobar,Cobar,-31.498,145.8383,1
2014,February,2014-02,Cobar,Cobar,-31.498,145.8383,1
2014,January,2014-01,Cobar,Cobar,-31.498,145.8383,1
2014,March,2014-03,Walgett,Walgett,-30.0167,148.1167,1
2014,February,2014-02,Walgett,Walgett,-30.0167,148.1167,1
2014,January,2014-01,Walgett,Walgett,-30.0167,148.1167,1
2014,March,2014-03,Coonamble,Coonamble,-30.95,148.4,1
2014,February,2014-02,Coonamble,Coonamble,-30.95,148.4,1
2014,January,2014-01,Coonamble,Coonamble,-30.95,148.4,1
2014,March,2014-03,Warren,Warren,-31.7,147.833,1
2014,February,2014-02,Warren,Warren,-31.7,147.833,1
2014,January,2014-01,Warren,Warren,-31.7,147.833,1
2014,March,2014-03,Nyngan,Nyngan,-31.563,147.1962,1
2014,February,2014-02,Nyngan,Nyngan,-31.563,147.1962,1
2014,January,2014-01,Nyngan,Nyngan,-31.563,147.1962,1
2014,March,2014-03,Gilgandra,Gilgandra,-31.7,148.6667,1
2014,February,2014-02,Gilgandra,Gilgandra,-31.7,148.6667,1
2014,January,2014-01,Gilgandra,Gilgandra,-31.7,148.6667,1
2014,March,2014-03,Narrabri,Narrabri,-30.3167,149.7667,1
2014,February,2014-02,Narrabri,Narrabri,-30.3167,149.7667,1
2014,January,2014-01,Narrabri,Narrabri,-30.3167,149.7667,1
2014,March,2014-03,Tamworth,Tamworth,-31.083,150.917,1
2014,February,2014-02,Tamworth,Tamworth,-31.083,150.917,1
2014,January,2014-01,Tamworth,Tamworth,-31.083,150.917,1
2014,March,2014-03,Coonabarabran,Coonabarabran,-31.25,149.2667,1
2014,February,2014-02,Coonabarabran,Coonabarabran,-31.25,149.2667,1
2014,January,2014-01,Coonabarabran,Coonabarabran,-31.25,149.2667,1
2014,April,2014-04,Walgett,Walgett,-30.0167,148.1167,1
2014,April,2014-04,Coonamble,Coonamble,-30.95,148.4,1
2014,April,2014-04,Narrabri,Narrabri,-30.3167,149.7667,1
2014,March,2014-03,Mittagong,Mittagong,-34.4508,150.4464,0
2014,April,2014-04,Mittagong,Mittagong,-34.4508,150.4464,0
2014,March,2014-03,Bowral,Bowral,-34.4792,150.4181,0
2014,April,2014-04,Bowral,Bowral,-34.4792,150.4181,0
2014,March,2014-03,Bundanoon,Bundanoon,-34.65,150.3,0
2014,April,2014-04,Bundanoon,Bundanoon,-34.65,150.3,0
2014,March,2014-03,Robertson,Robertson,-34.5833,150.5833,0
2014,April,2014-04,Robertson,Robertson,-34.5833,150.5833,0
2014,March,2014-03,Moss Vale,Moss Vale,-34.55,150.3833,0
2014,April,2014-04,Moss Vale,Moss Vale,-34.55,150.3833,0
2014,May,2014-05,Walgett,Walgett,-30.0167,148.1167,1
2014,May,2014-05,Coonabarabran,Coonabarabran,-31.25,149.2667,1
2014,May,2014-05,Coonamble,Coonamble,-30.95,148.4,1
2014,May,2014-05,Pilliga,Pilliga,-30.3518,148.8847,1
2014,June,2014-06,Pilliga,Pilliga,-30.3518,148.8847,1
2014,June,2014-06,Tamworth,Tamworth,-31.083,150.917,1
2014,June,2014-06,Cobargo,Cobargo,-36.3667,149.9,1
2014,June,2014-06,Bega,Bega,-36.6742,149.8429,1
2014,June,2014-06,Walgett,Walgett,-30.0167,148.1167,1
2018,October,2018-10,Wentworth,Wentworth,-34.1065,141.9221,0
2018,November,2018-11,Wentworth,Wentworth,-34.1065,141.9221,0
2018,December,2018-12,Wentworth,Wentworth,-34.1065,141.9221,0
2019,January,2019-01,Wentworth,Wentworth,-34.1065,141.9221,0
2020,October,2020-10,Wentworth,Wentworth,-34.1065,141.9221,0
2020,November,2020-11,Wentworth,Wentworth,-34.1065,141.9221,0
2020,December,2020-12,Wentworth,Wentworth,-34.1065,141.9221,0
2021,January,2021-01,Wentworth,Wentworth,-34.1065,141.9221,0
2021,February,2021-02,Wentworth,Wentworth,-34.1065,141.9221,0
2021,March,2021-03,Wentworth,Wentworth,-34.1065,141.9221,0
2021,April,2021-04,Wentworth,Wentworth,-34.1065,141.9221,0
2018,October,2018-10,Finley,Finley,-35.6375,145.5787,0
2018,November,2018-11,Finley,Finley,-35.6375,145.5787,0
2018,December,2018-12,Finley,Finley,-35.6375,145.5787,0
2019,January,2019-01,Finley,Finley,-35.6375,145.5787,0
2020,October,2020-10,Finley,Finley,-35.6375,145.5787,0
2020,November,2020-11,Finley,Finley,-35.6375,145.5787,0
2020,December,2020-12,Finley,Finley,-35.6375,145.5787,0
2021,January,2021-01,Finley,Finley,-35.6375,145.5787,0
2021,February,2021-02,Finley,Finley,-35.6375,145.5787,0
2021,March,2021-03,Finley,Finley,-35.6375,145.5787,0
2021,April,2021-04,Finley,Finley,-35.6375,145.5787,0
2018,October,2018-10,Deniliquin,Deniliquin,-35.5333,144.9667,0
2018,November,2018-11,Deniliquin,Deniliquin,-35.5333,144.9667,0
2018,December,2018-12,Deniliquin,Deniliquin,-35.5333,144.9667,0
2019,January,2019-01,Deniliquin,Deniliquin,-35.5333,144.9667,0
2020,October,2020-10,Deniliquin,Deniliquin,-35.5333,144.9667,0
2020,November,2020-11,Deniliquin,Deniliquin,-35.5333,144.9667,0
2020,December,2020-12,Deniliquin,Deniliquin,-35.5333,144.9667,0
2021,January,2021-01,Deniliquin,Deniliquin,-35.5333,144.9667,0
2021,February,2021-02,Deniliquin,Deniliquin,-35.5333,144.9667,0
2021,March,2021-03,Deniliquin,Deniliquin,-35.5333,144.9667,0
2021,April,2021-04,Deniliquin,Deniliquin,-35.5333,144.9667,0
2019,March,2019-03,Pooncarie,Pooncarie,-33.3856,142.5702,1
2019,April,2019-04,Pooncarie,Pooncarie,-33.3856,142.5702,1
2019,May,2019-05,Pooncarie,Pooncarie,-33.3856,142.5702,1
2019,June,2019-06,Pooncarie,Pooncarie,-33.3856,142.5702,1
2019,July,2019-07,Pooncarie,Pooncarie,-33.3856,142.5702,1
2019,August,2019-08,Pooncarie,Pooncarie,-33.3856,142.5702,1
2019,September,2019-09,Pooncarie,Pooncarie,-33.3856,142.5702,1
2019,October,2019-10,Pooncarie,Pooncarie,-33.3856,142.5702,1
2019,November,2019-11,Pooncarie,Pooncarie,-33.3856,142.5702,1
2019,December,2019-12,Pooncarie,Pooncarie,-33.3856,142.5702,1
2019,March,2019-03,Menindee,Menindee,-32.4005,142.4116,1
2019,April,2019-04,Menindee,Menindee,-32.4005,142.4116,1
2019,May,2019-05,Menindee,Menindee,-32.4005,142.4116,1
2019,June,2019-06,Menindee,Menindee,-32.4005,142.4116,1
2019,July,2019-07,Menindee,Menindee,-32.4005,142.4116,1
2019,August,2019-08,Menindee,Menindee,-32.4005,142.4116,1
2019,September,2019-09,Menindee,Menindee,-32.4005,142.4116,1
2019,October,2019-10,Menindee,Menindee,-32.4005,142.4116,1
2019,November,2019-11,Menindee,Menindee,-32.4005,142.4116,1
2019,December,2019-12,Menindee,Menindee,-32.4005,142.4116,1
2019,March,2019-03,Broken Hill,Broken Hill,-31.9559,141.4653,1
2019,April,2019-04,Broken Hill,Broken Hill,-31.9559,141.4653,1
2019,May,2019-05,Broken Hill,Broken Hill,-31.9559,141.4653,1
2019,June,2019-06,Broken Hill,Broken Hill,-31.9559,141.4653,1
2019,July,2019-07,Broken Hill,Broken Hill,-31.9559,141.4653,1
2019,August,2019-08,Broken Hill,Broken Hill,-31.9559,141.4653,1
2019,September,2019-09,Broken Hill,Broken Hill,-31.9559,141.4653,1
2019,October,2019-10,Broken Hill,Broken Hill,-31.9559,141.4653,1
2019,November,2019-11,Broken Hill,Broken Hill,-31.9559,141.4653,1
2019,December,2019-12,Broken Hill,Broken Hill,-31.9559,141.4653,1
2018,October,2018-10,Bredbo,Bredbo,-35.95,149.15,0
2018,November,2018-11,Bredbo,Bredbo,-35.95,149.15,0
2018,December,2018-12,Bredbo,Bredbo,-35.95,149.15,0
2018,January,2018-01,Bredbo,Bredbo,-35.95,149.15,0
2019,November,2019-11,Bredbo,Bredbo,-35.95,149.15,0
2019,December,2019-12,Bredbo,Bredbo,-35.95,149.15,0
2020,January,2020-01,Bredbo,Bredbo,-35.95,149.15,0
2020,February,2020-02,Bredbo,Bredbo,-35.95,149.15,0
2020,March,2020-03,Bredbo,Bredbo,-35.95,149.15,0
2020,April,2020-04,Bredbo,Bredbo,-35.95,149.15,0
2020,May,2020-05,Bredbo,Bredbo,-35.95,149.15,0
2020,June,2020-06,Bredbo,Bredbo,-35.95,149.15,0
2020,July,2020-07,Bredbo,Bredbo,-35.95,149.15,0
2020,August,2020-08,Bredbo,Bredbo,-35.95,149.15,0
2020,September,2020-09,Bredbo,Bredbo,-35.95,149.15,0
2020,October,2020-10,Bredbo,Bredbo,-35.95,149.15,0
2020,November,2020-11,Bredbo,Bredbo,-35.95,149.15,0
2020,December,2020-12,Bredbo,Bredbo,-35.95,149.15,0
2021,January,2021-01,Bredbo,Bredbo,-35.95,149.15,0
2021,February,2021-02,Bredbo,Bredbo,-35.95,149.15,0
2021,March,2021-03,Bredbo,Bredbo,-35.95,149.15,0
2021,April,2021-04,Bredbo,Bredbo,-35.95,149.15,0
2018,October,2018-10,Hay,Hay,-34.5041,144.8442,0
2018,November,2018-11,Hay,Hay,-34.5041,144.8442,0
2018,December,2018-12,Hay,Hay,-34.5041,144.8442,0
2018,January,2018-01,Hay,Hay,-34.5041,144.8442,0
2019,November,2019-11,Hay,Hay,-34.5041,144.8442,0
2019,December,2019-12,Hay,Hay,-34.5041,144.8442,0
2020,January,2020-01,Hay,Hay,-34.5041,144.8442,0
2020,February,2020-02,Hay,Hay,-34.5041,144.8442,0
2020,March,2020-03,Hay,Hay,-34.5041,144.8442,0
2020,April,2020-04,Hay,Hay,-34.5041,144.8442,0
2020,May,2020-05,Hay,Hay,-34.5041,144.8442,0
2020,June,2020-06,Hay,Hay,-34.5041,144.8442,0
2020,July,2020-07,Hay,Hay,-34.5041,144.8442,0
2020,August,2020-08,Hay,Hay,-34.5041,144.8442,0
2020,September,2020-09,Hay,Hay,-34.5041,144.8442,0
2020,October,2020-10,Hay,Hay,-34.5041,144.8442,0
2020,November,2020-11,Hay,Hay,-34.5041,144.8442,0
2020,December,2020-12,Hay,Hay,-34.5041,144.8442,0
2021,January,2021-01,Hay,Hay,-34.5041,144.8442,0
2021,February,2021-02,Hay,Hay,-34.5041,144.8442,0
2021,March,2021-03,Hay,Hay,-34.5041,144.8442,0
2021,April,2021-04,Hay,Hay,-34.5041,144.8442,0
2018,November,2018-11,Coleambally,Coleambally,-34.7972,145.8795,0
2018,December,2018-12,Coleambally,Coleambally,-34.7972,145.8795,0
2018,January,2018-01,Coleambally,Coleambally,-34.7972,145.8795,0
2019,November,2019-11,Coleambally,Coleambally,-34.7972,145.8795,0
2019,December,2019-12,Coleambally,Coleambally,-34.7972,145.8795,0
2020,January,2020-01,Coleambally,Coleambally,-34.7972,145.8795,0
2020,February,2020-02,Coleambally,Coleambally,-34.7972,145.8795,0
2020,March,2020-03,Coleambally,Coleambally,-34.7972,145.8795,0
2020,April,2020-04,Coleambally,Coleambally,-34.7972,145.8795,0
2020,May,2020-05,Coleambally,Coleambally,-34.7972,145.8795,0
2020,June,2020-06,Coleambally,Coleambally,-34.7972,145.8795,0
2020,July,2020-07,Coleambally,Coleambally,-34.7972,145.8795,0
2020,August,2020-08,Coleambally,Coleambally,-34.7972,145.8795,0
2020,September,2020-09,Coleambally,Coleambally,-34.7972,145.8795,0
2020,October,2020-10,Coleambally,Coleambally,-34.7972,145.8795,0
2020,November,2020-11,Coleambally,Coleambally,-34.7972,145.8795,0
2020,December,2020-12,Coleambally,Coleambally,-34.7972,145.8795,0
2021,January,2021-01,Coleambally,Coleambally,-34.7972,145.8795,0
2021,February,2021-02,Coleambally,Coleambally,-34.7972,145.8795,0
2021,March,2021-03,Coleambally,Coleambally,-34.7972,145.8795,0
2021,April,2021-04,Coleambally,Coleambally,-34.7972,145.8795,0
2021,April,2021-04,Coleambally,Coleambally,-34.7972,145.8795,0
2018,November,2018-11,Griffith,Griffith,-34.2872,146.0467,0
2018,December,2018-12,Griffith,Griffith,-34.2872,146.0467,0
2018,January,2018-01,Griffith,Griffith,-34.2872,146.0467,0
2019,November,2019-11,Griffith,Griffith,-34.2872,146.0467,0
2019,December,2019-12,Griffith,Griffith,-34.2872,146.0467,0
2020,January,2020-01,Griffith,Griffith,-34.2872,146.0467,0
2020,February,2020-02,Griffith,Griffith,-34.2872,146.0467,0
2020,March,2020-03,Griffith,Griffith,-34.2872,146.0467,0
2020,April,2020-04,Griffith,Griffith,-34.2872,146.0467,0
2020,May,2020-05,Griffith,Griffith,-34.2872,146.0467,0
2020,June,2020-06,Griffith,Griffith,-34.2872,146.0467,0
2020,July,2020-07,Griffith,Griffith,-34.2872,146.0467,0
2020,August,2020-08,Griffith,Griffith,-34.2872,146.0467,0
2020,September,2020-09,Griffith,Griffith,-34.2872,146.0467,0
2020,October,2020-10,Griffith,Griffith,-34.2872,146.0467,0
2020,November,2020-11,Griffith,Griffith,-34.2872,146.0467,0
2020,December,2020-12,Griffith,Griffith,-34.2872,146.0467,0
2021,January,2021-01,Griffith,Griffith,-34.2872,146.0467,0
2021,February,2021-02,Griffith,Griffith,-34.2872,146.0467,0
2021,March,2021-03,Griffith,Griffith,-34.2872,146.0467,0
2021,April,2021-04,Griffith,Griffith,-34.2872,146.0467,0
2021,April,2021-04,Griffith,Griffith,-34.2872,146.0467,0
2018,November,2018-11,Wagga Wagga,Wagga Wagga,-35.1189,147.3689,0
2018,December,2018-12,Wagga Wagga,Wagga Wagga,-35.1189,147.3689,0
2018,January,2018-01,Wagga Wagga,Wagga Wagga,-35.1189,147.3689,0
2019,November,2019-11,Wagga Wagga,Wagga Wagga,-35.1189,147.3689,0
2019,December,2019-12,Wagga Wagga,Wagga Wagga,-35.1189,147.3689,0
2020,January,2020-01,Wagga Wagga,Wagga Wagga,-35.1189,147.3689,0
2020,February,2020-02,Wagga Wagga,Wagga Wagga,-35.1189,147.3689,0
2020,March,2020-03,Wagga Wagga,Wagga Wagga,-35.1189,147.3689,0
2020,April,2020-04,Wagga Wagga,Wagga Wagga,-35.1189,147.3689,0
2020,May,2020-05,Wagga Wagga,Wagga Wagga,-35.1189,147.3689,0
2020,June,2020-06,Wagga Wagga,Wagga Wagga,-35.1189,147.3689,0
2020,July,2020-07,Wagga Wagga,Wagga Wagga,-35.1189,147.3689,0
2020,August,2020-08,Wagga Wagga,Wagga Wagga,-35.1189,147.3689,0
2020,September,2020-09,Wagga Wagga,Wagga Wagga,-35.1189,147.3689,0
2020,October,2020-10,Wagga Wagga,Wagga Wagga,-35.1189,147.3689,0
2020,November,2020-11,Wagga Wagga,Wagga Wagga,-35.1189,147.3689,0
2020,December,2020-12,Wagga Wagga,Wagga Wagga,-35.1189,147.3689,0
2021,January,2021-01,Wagga Wagga,Wagga Wagga,-35.1189,147.3689,0
2021,February,2021-02,Wagga Wagga,Wagga Wagga,-35.1189,147.3689,0
2021,March,2021-03,Wagga Wagga,Wagga Wagga,-35.1189,147.3689,0
2021,April,2021-04,Wagga Wagga,Wagga Wagga,-35.1189,147.3689,0
2021,April,2021-04,Wagga Wagga,Wagga Wagga,-35.1189,147.3689,0
2018,October,2018-10,Forbes,Forbes,-33.3853,148.0079,0
2018,November,2018-11,Forbes,Forbes,-33.3853,148.0079,0
2018,December,2018-12,Forbes,Forbes,-33.3853,148.0079,0
2019,January,2019-01,Forbes,Forbes,-33.3853,148.0079,0
2020,December,2020-12,Forbes,Forbes,-33.3853,148.0079,0
2021,January,2021-01,Forbes,Forbes,-33.3853,148.0079,0
2021,February,2021-02,Forbes,Forbes,-33.3853,148.0079,0
2021,March,2021-03,Forbes,Forbes,-33.3853,148.0079,0
2021,April,2021-04,Forbes,Forbes,-33.3853,148.0079,0
2018,October,2018-10,Oxley,Oxley,-34.1985,144.0993,0
2018,November,2018-11,Oxley,Oxley,-34.1985,144.0993,0
2018,December,2018-12,Oxley,Oxley,-34.1985,144.0993,0
2019,January,2019-01,Oxley,Oxley,-34.1985,144.0993,0
2020,December,2020-12,Oxley,Oxley,-34.1985,144.0993,0
2021,January,2021-01,Oxley,Oxley,-34.1985,144.0993,0
2021,February,2021-02,Oxley,Oxley,-34.1985,144.0993,0
2021,March,2021-03,Oxley,Oxley,-34.1985,144.0993,0
2021,April,2021-04,Oxley,Oxley,-34.1985,144.0993,0
2018,October,2018-10,Condobolin,Condobolin,-33.089,147.1511,0
2018,November,2018-11,Condobolin,Condobolin,-33.089,147.1511,0
2018,December,2018-12,Condobolin,Condobolin,-33.089,147.1511,0
2019,January,2019-01,Condobolin,Condobolin,-33.089,147.1511,0
2020,December,2020-12,Condobolin,Condobolin,-33.089,147.1511,0
2021,January,2021-01,Condobolin,Condobolin,-33.089,147.1511,0
2021,February,2021-02,Condobolin,Condobolin,-33.089,147.1511,0
2021,March,2021-03,Condobolin,Condobolin,-33.089,147.1511,0
2021,April,2021-04,Condobolin,Condobolin,-33.089,147.1511,0
2018,October,2018-10,Cowra,Cowra,-33.835,148.6925,0
2018,November,2018-11,Cowra,Cowra,-33.835,148.6925,0
2018,December,2018-12,Cowra,Cowra,-33.835,148.6925,0
2019,January,2019-01,Cowra,Cowra,-33.835,148.6925,0
2020,December,2020-12,Cowra,Cowra,-33.835,148.6925,0
2021,January,2021-01,Cowra,Cowra,-33.835,148.6925,0
2021,February,2021-02,Cowra,Cowra,-33.835,148.6925,0
2021,March,2021-03,Cowra,Cowra,-33.835,148.6925,0
2021,April,2021-04,Cowra,Cowra,-33.835,148.6925,0
2018,October,2018-10,Blayney,Blayney,-33.5333,149.25,0
2018,November,2018-11,Blayney,Blayney,-33.5333,149.25,0
2018,December,2018-12,Blayney,Blayney,-33.5333,149.25,0
2019,January,2019-01,Blayney,Blayney,-33.5333,149.25,0
2019,September,2019-09,Blayney,Blayney,-33.5333,149.25,1
2019,October,2019-10,Blayney,Blayney,-33.5333,149.25,1
2019,November,2019-11,Blayney,Blayney,-33.5333,149.25,1
2019,December,2019-12,Blayney,Blayney,-33.5333,149.25,1
2020,January,2020-01,Blayney,Blayney,-33.5333,149.25,1
2020,February,2020-02,Blayney,Blayney,-33.5333,149.25,1
2020,March,2020-03,Blayney,Blayney,-33.5333,149.25,1
2020,April,2020-04,Blayney,Blayney,-33.5333,149.25,1
2020,May,2020-05,Blayney,Blayney,-33.5333,149.25,1
2020,June,2020-06,Blayney,Blayney,-33.5333,149.25,1
2018,October,2018-10,Carcoar,Carcoar,-33.6142,149.1383,0
2018,November,2018-11,Carcoar,Carcoar,-33.6142,149.1383,0
2018,December,2018-12,Carcoar,Carcoar,-33.6142,149.1383,0
2019,January,2019-01,Carcoar,Carcoar,-33.6142,149.1383,0
2019,September,2019-09,Carcoar,Carcoar,-33.6142,149.1383,1
2019,October,2019-10,Carcoar,Carcoar,-33.6142,149.1383,1
2019,November,2019-11,Carcoar,Carcoar,-33.6142,149.1383,1
2019,December,2019-12,Carcoar,Carcoar,-33.6142,149.1383,1
2020,January,2020-01,Carcoar,Carcoar,-33.6142,149.1383,1
2020,February,2020-02,Carcoar,Carcoar,-33.6142,149.1383,1
2020,March,2020-03,Carcoar,Carcoar,-33.6142,149.1383,1
2020,April,2020-04,Carcoar,Carcoar,-33.6142,149.1383,1
2020,May,2020-05,Carcoar,Carcoar,-33.6142,149.1383,1
2020,June,2020-06,Carcoar,Carcoar,-33.6142,149.1383,1
2018,October,2018-10,Canowindra,Canowindra,-33.5667,148.6667,0
2018,November,2018-11,Canowindra,Canowindra,-33.5667,148.6667,0
2018,December,2018-12,Canowindra,Canowindra,-33.5667,148.6667,0
2019,January,2019-01,Canowindra,Canowindra,-33.5667,148.6667,0
2019,September,2019-09,Canowindra,Canowindra,-33.5667,148.6667,1
2019,October,2019-10,Canowindra,Canowindra,-33.5667,148.6667,1
2019,November,2019-11,Canowindra,Canowindra,-33.5667,148.6667,1
2019,December,2019-12,Canowindra,Canowindra,-33.5667,148.6667,1
2020,January,2020-01,Canowindra,Canowindra,-33.5667,148.6667,1
2020,February,2020-02,Canowindra,Canowindra,-33.5667,148.6667,1
2020,March,2020-03,Canowindra,Canowindra,-33.5667,148.6667,1
2020,April,2020-04,Canowindra,Canowindra,-33.5667,148.6667,1
2020,May,2020-05,Canowindra,Canowindra,-33.5667,148.6667,1
2020,June,2020-06,Canowindra,Canowindra,-33.5667,148.6667,1
2019,January,2019-01,Nyngan,Nyngan,-31.563,147.1962,1
2019,February,2019-02,Nyngan,Nyngan,-31.563,147.1962,1
2019,March,2019-03,Nyngan,Nyngan,-31.563,147.1962,1
2019,April,2019-04,Nyngan,Nyngan,-31.563,147.1962,1
2019,May,2019-05,Nyngan,Nyngan,-31.563,147.1962,1
2019,June,2019-06,Nyngan,Nyngan,-31.563,147.1962,1
2019,July,2019-07,Nyngan,Nyngan,-31.563,147.1962,1
2019,August,2019-08,Nyngan,Nyngan,-31.563,147.1962,1
2019,September,2019-09,Nyngan,Nyngan,-31.563,147.1962,1
2019,October,2019-10,Nyngan,Nyngan,-31.563,147.1962,1
2019,November,2019-11,Nyngan,Nyngan,-31.563,147.1962,1
2019,December,2019-12,Nyngan,Nyngan,-31.563,147.1962,1
2020,January,2020-01,Nyngan,Nyngan,-31.563,147.1962,1
2020,February,2020-02,Nyngan,Nyngan,-31.563,147.1962,1
2020,March,2020-03,Nyngan,Nyngan,-31.563,147.1962,1
2020,April,2020-04,Nyngan,Nyngan,-31.563,147.1962,1
2020,December,2020-12,Nyngan,Nyngan,-31.563,147.1962,0
2021,January,2021-01,Nyngan,Nyngan,-31.563,147.1962,0
2021,February,2021-02,Nyngan,Nyngan,-31.563,147.1962,0
2021,March,2021-03,Nyngan,Nyngan,-31.563,147.1962,0
2021,April,2021-04,Nyngan,Nyngan,-31.563,147.1962,0
2019,January,2019-01,Cobar,Cobar,-31.498,145.8383,1
2019,February,2019-02,Cobar,Cobar,-31.498,145.8383,1
2019,March,2019-03,Cobar,Cobar,-31.498,145.8383,1
2019,April,2019-04,Cobar,Cobar,-31.498,145.8383,1
2019,May,2019-05,Cobar,Cobar,-31.498,145.8383,1
2019,June,2019-06,Cobar,Cobar,-31.498,145.8383,1
2019,July,2019-07,Cobar,Cobar,-31.498,145.8383,1
2019,August,2019-08,Cobar,Cobar,-31.498,145.8383,1
2019,September,2019-09,Cobar,Cobar,-31.498,145.8383,1
2019,October,2019-10,Cobar,Cobar,-31.498,145.8383,1
2019,November,2019-11,Cobar,Cobar,-31.498,145.8383,1
2019,December,2019-12,Cobar,Cobar,-31.498,145.8383,1
2020,January,2020-01,Cobar,Cobar,-31.498,145.8383,1
2020,February,2020-02,Cobar,Cobar,-31.498,145.8383,1
2020,March,2020-03,Cobar,Cobar,-31.498,145.8383,1
2020,April,2020-04,Cobar,Cobar,-31.498,145.8383,1
2020,December,2020-12,Cobar,Cobar,-31.498,145.8383,0
2021,January,2021-01,Cobar,Cobar,-31.498,145.8383,0
2021,February,2021-02,Cobar,Cobar,-31.498,145.8383,0
2021,March,2021-03,Cobar,Cobar,-31.498,145.8383,0
2021,April,2021-04,Cobar,Cobar,-31.498,145.8383,0
2019,January,2019-01,Warren,Warren,-31.7,147.833,1
2019,February,2019-02,Warren,Warren,-31.7,147.833,1
2019,March,2019-03,Warren,Warren,-31.7,147.833,1
2019,April,2019-04,Warren,Warren,-31.7,147.833,1
2019,May,2019-05,Warren,Warren,-31.7,147.833,1
2019,June,2019-06,Warren,Warren,-31.7,147.833,1
2019,July,2019-07,Warren,Warren,-31.7,147.833,1
2019,August,2019-08,Warren,Warren,-31.7,147.833,1
2019,September,2019-09,Warren,Warren,-31.7,147.833,1
2019,October,2019-10,Warren,Warren,-31.7,147.833,1
2019,November,2019-11,Warren,Warren,-31.7,147.833,1
2019,December,2019-12,Warren,Warren,-31.7,147.833,1
2020,January,2020-01,Warren,Warren,-31.7,147.833,1
2020,February,2020-02,Warren,Warren,-31.7,147.833,1
2020,March,2020-03,Warren,Warren,-31.7,147.833,1
2020,April,2020-04,Warren,Warren,-31.7,147.833,1
2020,December,2020-12,Warren,Warren,-31.7,147.833,0
2021,January,2021-01,Warren,Warren,-31.7,147.833,0
2021,February,2021-02,Warren,Warren,-31.7,147.833,0
2021,March,2021-03,Warren,Warren,-31.7,147.833,0
2021,April,2021-04,Warren,Warren,-31.7,147.833,0
2019,January,2019-01,Narromine,Narromine,-32.233,148.233,1
2019,February,2019-02,Narromine,Narromine,-32.233,148.233,1
2019,March,2019-03,Narromine,Narromine,-32.233,148.233,1
2019,April,2019-04,Narromine,Narromine,-32.233,148.233,1
2019,May,2019-05,Narromine,Narromine,-32.233,148.233,1
2019,June,2019-06,Narromine,Narromine,-32.233,148.233,1
2019,July,2019-07,Narromine,Narromine,-32.233,148.233,1
2019,August,2019-08,Narromine,Narromine,-32.233,148.233,1
2019,September,2019-09,Narromine,Narromine,-32.233,148.233,1
2019,October,2019-10,Narromine,Narromine,-32.233,148.233,1
2019,November,2019-11,Narromine,Narromine,-32.233,148.233,1
2019,December,2019-12,Narromine,Narromine,-32.233,148.233,1
2020,January,2020-01,Narromine,Narromine,-32.233,148.233,1
2020,February,2020-02,Narromine,Narromine,-32.233,148.233,1
2020,March,2020-03,Narromine,Narromine,-32.233,148.233,1
2020,April,2020-04,Narromine,Narromine,-32.233,148.233,1
2020,December,2020-12,Narromine,Narromine,-32.233,148.233,0
2021,January,2021-01,Narromine,Narromine,-32.233,148.233,0
2021,February,2021-02,Narromine,Narromine,-32.233,148.233,0
2021,March,2021-03,Narromine,Narromine,-32.233,148.233,0
2021,April,2021-04,Narromine,Narromine,-32.233,148.233,0
2019,January,2019-01,Coonabarabran,Coonabarabran,-31.25,149.2667,1
2019,February,2019-02,Coonabarabran,Coonabarabran,-31.25,149.2667,1
2019,March,2019-03,Coonabarabran,Coonabarabran,-31.25,149.2667,1
2019,April,2019-04,Coonabarabran,Coonabarabran,-31.25,149.2667,1
2019,May,2019-05,Coonabarabran,Coonabarabran,-31.25,149.2667,1
2019,June,2019-06,Coonabarabran,Coonabarabran,-31.25,149.2667,1
2019,July,2019-07,Coonabarabran,Coonabarabran,-31.25,149.2667,1
2019,August,2019-08,Coonabarabran,Coonabarabran,-31.25,149.2667,1
2019,September,2019-09,Coonabarabran,Coonabarabran,-31.25,149.2667,1
2019,October,2019-10,Coonabarabran,Coonabarabran,-31.25,149.2667,1
2019,November,2019-11,Coonabarabran,Coonabarabran,-31.25,149.2667,1
2019,December,2019-12,Coonabarabran,Coonabarabran,-31.25,149.2667,1
2020,January,2020-01,Coonabarabran,Coonabarabran,-31.25,149.2667,1
2020,February,2020-02,Coonabarabran,Coonabarabran,-31.25,149.2667,1
2020,March,2020-03,Coonabarabran,Coonabarabran,-31.25,149.2667,1
2020,April,2020-04,Coonabarabran,Coonabarabran,-31.25,149.2667,1
2020,December,2020-12,Coonabarabran,Coonabarabran,-31.25,149.2667,0
2021,January,2021-01,Coonabarabran,Coonabarabran,-31.25,149.2667,0
2021,February,2021-02,Coonabarabran,Coonabarabran,-31.25,149.2667,0
2021,March,2021-03,Coonabarabran,Coonabarabran,-31.25,149.2667,0
2021,April,2021-04,Coonabarabran,Coonabarabran,-31.25,149.2667,0
2019,January,2019-01,Orange,Orange,-33.2833,149.1,1
2019,February,2019-02,Orange,Orange,-33.2833,149.1,1
2019,March,2019-03,Orange,Orange,-33.2833,149.1,1
2019,April,2019-04,Orange,Orange,-33.2833,149.1,1
2019,May,2019-05,Orange,Orange,-33.2833,149.1,1
2019,June,2019-06,Orange,Orange,-33.2833,149.1,1
2019,July,2019-07,Orange,Orange,-33.2833,149.1,1
2019,August,2019-08,Orange,Orange,-33.2833,149.1,1
2019,September,2019-09,Orange,Orange,-33.2833,149.1,1
2019,October,2019-10,Orange,Orange,-33.2833,149.1,1
2019,November,2019-11,Orange,Orange,-33.2833,149.1,1
2019,December,2019-12,Orange,Orange,-33.2833,149.1,1
2020,January,2020-01,Orange,Orange,-33.2833,149.1,1
2020,February,2020-02,Orange,Orange,-33.2833,149.1,1
2020,March,2020-03,Orange,Orange,-33.2833,149.1,1
2020,April,2020-04,Orange,Orange,-33.2833,149.1,1
2020,December,2020-12,Orange,Orange,-33.2833,149.1,0
2021,January,2021-01,Orange,Orange,-33.2833,149.1,0
2021,February,2021-02,Orange,Orange,-33.2833,149.1,0
2021,March,2021-03,Orange,Orange,-33.2833,149.1,0
2021,April,2021-04,Orange,Orange,-33.2833,149.1,0
2019,January,2019-01,Bathurst,Bathurst,-33.4193,149.5835,1
2019,February,2019-02,Bathurst,Bathurst,-33.4193,149.5835,1
2019,March,2019-03,Bathurst,Bathurst,-33.4193,149.5835,1
2019,April,2019-04,Bathurst,Bathurst,-33.4193,149.5835,1
2019,May,2019-05,Bathurst,Bathurst,-33.4193,149.5835,1
2019,June,2019-06,Bathurst,Bathurst,-33.4193,149.5835,1
2019,July,2019-07,Bathurst,Bathurst,-33.4193,149.5835,1
2019,August,2019-08,Bathurst,Bathurst,-33.4193,149.5835,1
2019,September,2019-09,Bathurst,Bathurst,-33.4193,149.5835,1
2019,October,2019-10,Bathurst,Bathurst,-33.4193,149.5835,1
2019,November,2019-11,Bathurst,Bathurst,-33.4193,149.5835,1
2019,December,2019-12,Bathurst,Bathurst,-33.4193,149.5835,1
2020,January,2020-01,Bathurst,Bathurst,-33.4193,149.5835,1
2020,February,2020-02,Bathurst,Bathurst,-33.4193,149.5835,1
2020,March,2020-03,Bathurst,Bathurst,-33.4193,149.5835,1
2020,April,2020-04,Bathurst,Bathurst,-33.4193,149.5835,1
2020,December,2020-12,Bathurst,Bathurst,-33.4193,149.5835,0
2021,January,2021-01,Bathurst,Bathurst,-33.4193,149.5835,0
2021,February,2021-02,Bathurst,Bathurst,-33.4193,149.5835,0
2021,March,2021-03,Bathurst,Bathurst,-33.4193,149.5835,0
2021,April,2021-04,Bathurst,Bathurst,-33.4193,149.5835,0
2019,January,2019-01,Dubbo,Dubbo,-32.2569,148.6011,1
2019,February,2019-02,Dubbo,Dubbo,-32.2569,148.6011,1
2019,March,2019-03,Dubbo,Dubbo,-32.2569,148.6011,1
2019,April,2019-04,Dubbo,Dubbo,-32.2569,148.6011,1
2019,May,2019-05,Dubbo,Dubbo,-32.2569,148.6011,1
2019,June,2019-06,Dubbo,Dubbo,-32.2569,148.6011,1
2019,July,2019-07,Dubbo,Dubbo,-32.2569,148.6011,1
2019,August,2019-08,Dubbo,Dubbo,-32.2569,148.6011,1
2019,September,2019-09,Dubbo,Dubbo,-32.2569,148.6011,1
2019,October,2019-10,Dubbo,Dubbo,-32.2569,148.6011,1
2019,November,2019-11,Dubbo,Dubbo,-32.2569,148.6011,1
2019,December,2019-12,Dubbo,Dubbo,-32.2569,148.6011,1
2020,January,2020-01,Dubbo,Dubbo,-32.2569,148.6011,1
2020,February,2020-02,Dubbo,Dubbo,-32.2569,148.6011,1
2020,March,2020-03,Dubbo,Dubbo,-32.2569,148.6011,1
2020,April,2020-04,Dubbo,Dubbo,-32.2569,148.6011,1
2020,December,2020-12,Dubbo,Dubbo,-32.2569,148.6011,0
2021,January,2021-01,Dubbo,Dubbo,-32.2569,148.6011,0
2021,February,2021-02,Dubbo,Dubbo,-32.2569,148.6011,0
2021,March,2021-03,Dubbo,Dubbo,-32.2569,148.6011,0
2021,April,2021-04,Dubbo,Dubbo,-32.2569,148.6011,0
2018,October,2018-10,Mudgee,Mudgee,-32.5904,149.5887,0
2018,November,2018-11,Mudgee,Mudgee,-32.5904,149.5887,0
2018,December,2018-12,Mudgee,Mudgee,-32.5904,149.5887,0
2019,January,2019-01,Mudgee,Mudgee,-32.5904,149.5887,0
2019,February,2019-02,Mudgee,Mudgee,-32.5904,149.5887,0
2019,March,2019-03,Mudgee,Mudgee,-32.5904,149.5887,0
2020,November,2020-11,Mudgee,Mudgee,-32.5904,149.5887,0
2020,December,2020-12,Mudgee,Mudgee,-32.5904,149.5887,0
2021,January,2021-01,Mudgee,Mudgee,-32.5904,149.5887,0
2021,February,2021-02,Mudgee,Mudgee,-32.5904,149.5887,0
2021,March,2021-03,Mudgee,Mudgee,-32.5904,149.5887,0
2021,April,2021-04,Mudgee,Mudgee,-32.5904,149.5887,0
2018,October,2018-10,Gulgong,Gulgong,-32.3625,149.5321,0
2018,November,2018-11,Gulgong,Gulgong,-32.3625,149.5321,0
2018,December,2018-12,Gulgong,Gulgong,-32.3625,149.5321,0
2019,January,2019-01,Gulgong,Gulgong,-32.3625,149.5321,0
2019,February,2019-02,Gulgong,Gulgong,-32.3625,149.5321,0
2019,March,2019-03,Gulgong,Gulgong,-32.3625,149.5321,0
2020,November,2020-11,Gulgong,Gulgong,-32.3625,149.5321,0
2020,December,2020-12,Gulgong,Gulgong,-32.3625,149.5321,0
2021,January,2021-01,Gulgong,Gulgong,-32.3625,149.5321,0
2021,February,2021-02,Gulgong,Gulgong,-32.3625,149.5321,0
2021,March,2021-03,Gulgong,Gulgong,-32.3625,149.5321,0
2021,April,2021-04,Gulgong,Gulgong,-32.3625,149.5321,0
2019,February,2019-02,Narrabri,Narrabri,-30.3167,149.7667,1
2019,March,2019-03,Narrabri,Narrabri,-30.3167,149.7667,1
2019,April,2019-04,Narrabri,Narrabri,-30.3167,149.7667,1
2019,May,2019-05,Narrabri,Narrabri,-30.3167,149.7667,1
2019,June,2019-06,Narrabri,Narrabri,-30.3167,149.7667,1
2019,July,2019-07,Narrabri,Narrabri,-30.3167,149.7667,1
2019,August,2019-08,Narrabri,Narrabri,-30.3167,149.7667,1
2019,September,2019-09,Narrabri,Narrabri,-30.3167,149.7667,1
2019,October,2019-10,Narrabri,Narrabri,-30.3167,149.7667,1
2019,November,2019-11,Narrabri,Narrabri,-30.3167,149.7667,1
2019,December,2019-12,Narrabri,Narrabri,-30.3167,149.7667,1
2020,January,2020-01,Narrabri,Narrabri,-30.3167,149.7667,1
2020,February,2020-02,Narrabri,Narrabri,-30.3167,149.7667,1
2021,April,2021-04,Narrabri,Narrabri,-30.3167,149.7667,0
2019,February,2019-02,Gunnedah,Gunnedah,-30.9667,150.25,1
2019,March,2019-03,Gunnedah,Gunnedah,-30.9667,150.25,1
2019,April,2019-04,Gunnedah,Gunnedah,-30.9667,150.25,1
2019,May,2019-05,Gunnedah,Gunnedah,-30.9667,150.25,1
2019,June,2019-06,Gunnedah,Gunnedah,-30.9667,150.25,1
2019,July,2019-07,Gunnedah,Gunnedah,-30.9667,150.25,1
2019,August,2019-08,Gunnedah,Gunnedah,-30.9667,150.25,1
2019,September,2019-09,Gunnedah,Gunnedah,-30.9667,150.25,1
2019,October,2019-10,Gunnedah,Gunnedah,-30.9667,150.25,1
2019,November,2019-11,Gunnedah,Gunnedah,-30.9667,150.25,1
2019,December,2019-12,Gunnedah,Gunnedah,-30.9667,150.25,1
2020,January,2020-01,Gunnedah,Gunnedah,-30.9667,150.25,1
2020,February,2020-02,Gunnedah,Gunnedah,-30.9667,150.25,1
2021,April,2021-04,Gunnedah,Gunnedah,-30.9667,150.25,0
2018,October,2018-10,Tamworth,Tamworth,-31.083,150.917,0
2018,November,2018-11,Tamworth,Tamworth,-31.083,150.917,0
2018,December,2018-12,Tamworth,Tamworth,-31.083,150.917,0
2019,January,2019-01,Tamworth,Tamworth,-31.083,150.917,0
2019,August,2019-08,Tamworth,Tamworth,-31.083,150.917,1
2019,September,2019-09,Tamworth,Tamworth,-31.083,150.917,1
2019,October,2019-10,Tamworth,Tamworth,-31.083,150.917,1
2019,November,2019-11,Tamworth,Tamworth,-31.083,150.917,1
2019,December,2019-12,Tamworth,Tamworth,-31.083,150.917,1
2020,January,2020-01,Tamworth,Tamworth,-31.083,150.917,1
2020,February,2020-02,Tamworth,Tamworth,-31.083,150.917,1
2020,March,2020-03,Tamworth,Tamworth,-31.083,150.917,1
2020,April,2020-04,Tamworth,Tamworth,-31.083,150.917,1
2020,May,2020-05,Tamworth,Tamworth,-31.083,150.917,1
2020,June,2020-06,Tamworth,Tamworth,-31.083,150.917,1
2020,July,2020-07,Tamworth,Tamworth,-31.083,150.917,1
2020,August,2020-08,Tamworth,Tamworth,-31.083,150.917,1
2021,April,2021-04,Tamworth,Tamworth,-31.083,150.917,0
2019,August,2019-08,Moree,Moree,-29.4635,149.8417,1
2019,September,2019-09,Moree,Moree,-29.4635,149.8417,1
2019,October,2019-10,Moree,Moree,-29.4635,149.8417,1
2019,November,2019-11,Moree,Moree,-29.4635,149.8417,1
2019,December,2019-12,Moree,Moree,-29.4635,149.8417,1
2021,April,2021-04,Moree,Moree,-29.4635,149.8417,0
2019,August,2019-08,Uralla,Uralla,-30.633,151.483,1
2019,September,2019-09,Uralla,Uralla,-30.633,151.483,1
2019,October,2019-10,Uralla,Uralla,-30.633,151.483,1
2019,November,2019-11,Uralla,Uralla,-30.633,151.483,1
2019,December,2019-12,Uralla,Uralla,-30.633,151.483,1
2021,April,2021-04,Uralla,Uralla,-30.633,151.483,0
2018,October,2018-10,Goondiwindi,Goondiwindi,-28.55,150.3167,0
2019,August,2019-08,Goondiwindi,Goondiwindi,-28.55,150.3167,1
2019,September,2019-09,Goondiwindi,Goondiwindi,-28.55,150.3167,1
2019,October,2019-10,Goondiwindi,Goondiwindi,-28.55,150.3167,1
2019,November,2019-11,Goondiwindi,Goondiwindi,-28.55,150.3167,1
2019,December,2019-12,Goondiwindi,Goondiwindi,-28.55,150.3167,1
2020,January,2020-01,Goondiwindi,Goondiwindi,-28.55,150.3167,1
2020,February,2020-02,Goondiwindi,Goondiwindi,-28.55,150.3167,1
2020,March,2020-03,Goondiwindi,Goondiwindi,-28.55,150.3167,1
2020,April,2020-04,Goondiwindi,Goondiwindi,-28.55,150.3167,1
2018,October,2018-10,Tenterfield,Tenterfield,-29.054,152.0191,0
2019,August,2019-08,Tenterfield,Tenterfield,-29.054,152.0191,1
2019,September,2019-09,Tenterfield,Tenterfield,-29.054,152.0191,1
2019,October,2019-10,Tenterfield,Tenterfield,-29.054,152.0191,1
2019,November,2019-11,Tenterfield,Tenterfield,-29.054,152.0191,1
2019,December,2019-12,Tenterfield,Tenterfield,-29.054,152.0191,1
2020,January,2020-01,Tenterfield,Tenterfield,-29.054,152.0191,1
2020,February,2020-02,Tenterfield,Tenterfield,-29.054,152.0191,1
2020,March,2020-03,Tenterfield,Tenterfield,-29.054,152.0191,1
2020,April,2020-04,Tenterfield,Tenterfield,-29.054,152.0191,1
2018,October,2018-10,Glen Innes,Glen Innes,-29.7377,151.7403,0
2019,August,2019-08,Glen Innes,Glen Innes,-29.7377,151.7403,1
2019,September,2019-09,Glen Innes,Glen Innes,-29.7377,151.7403,1
2019,October,2019-10,Glen Innes,Glen Innes,-29.7377,151.7403,1
2019,November,2019-11,Glen Innes,Glen Innes,-29.7377,151.7403,1
2019,December,2019-12,Glen Innes,Glen Innes,-29.7377,151.7403,1
2020,January,2020-01,Glen Innes,Glen Innes,-29.7377,151.7403,1
2020,February,2020-02,Glen Innes,Glen Innes,-29.7377,151.7403,1
2020,March,2020-03,Glen Innes,Glen Innes,-29.7377,151.7403,1
2020,April,2020-04,Glen Innes,Glen Innes,-29.7377,151.7403,1
2018,October,2018-10,Mungindi,Mungindi,-28.9769,148.9894,0
2019,August,2019-08,Mungindi,Mungindi,-28.9769,148.9894,1
2019,September,2019-09,Mungindi,Mungindi,-28.9769,148.9894,1
2019,October,2019-10,Mungindi,Mungindi,-28.9769,148.9894,1
2019,November,2019-11,Mungindi,Mungindi,-28.9769,148.9894,1
2019,December,2019-12,Mungindi,Mungindi,-28.9769,148.9894,1
2020,January,2020-01,Mungindi,Mungindi,-28.9769,148.9894,1
2020,February,2020-02,Mungindi,Mungindi,-28.9769,148.9894,1
2020,March,2020-03,Mungindi,Mungindi,-28.9769,148.9894,1
2020,April,2020-04,Mungindi,Mungindi,-28.9769,148.9894,1
2018,October,2018-10,Ashford,Ashford,-29.3231,151.0925,0
2019,August,2019-08,Ashford,Ashford,-29.3231,151.0925,1
2019,September,2019-09,Ashford,Ashford,-29.3231,151.0925,1
2019,October,2019-10,Ashford,Ashford,-29.3231,151.0925,1
2019,November,2019-11,Ashford,Ashford,-29.3231,151.0925,1
2019,December,2019-12,Ashford,Ashford,-29.3231,151.0925,1
2020,January,2020-01,Ashford,Ashford,-29.3231,151.0925,1
2020,February,2020-02,Ashford,Ashford,-29.3231,151.0925,1
2020,March,2020-03,Ashford,Ashford,-29.3231,151.0925,1
2020,April,2020-04,Ashford,Ashford,-29.3231,151.0925,1
2018,October,2018-10,Bonshaw,Bonshaw,-29.05,151.2667,0
2019,August,2019-08,Bonshaw,Bonshaw,-29.05,151.2667,1
2019,September,2019-09,Bonshaw,Bonshaw,-29.05,151.2667,1
2019,October,2019-10,Bonshaw,Bonshaw,-29.05,151.2667,1
2019,November,2019-11,Bonshaw,Bonshaw,-29.05,151.2667,1
2019,December,2019-12,Bonshaw,Bonshaw,-29.05,151.2667,1
2020,January,2020-01,Bonshaw,Bonshaw,-29.05,151.2667,1
2020,February,2020-02,Bonshaw,Bonshaw,-29.05,151.2667,1
2020,March,2020-03,Bonshaw,Bonshaw,-29.05,151.2667,1
2020,April,2020-04,Bonshaw,Bonshaw,-29.05,151.2667,1
2019,January,2019-01,Bourke,Bourke,-30.1,145.9333,1
2019,February,2019-02,Bourke,Bourke,-30.1,145.9333,1
2019,March,2019-03,Bourke,Bourke,-30.1,145.9333,1
2019,April,2019-04,Bourke,Bourke,-30.1,145.9333,1
2019,May,2019-05,Bourke,Bourke,-30.1,145.9333,1
2019,June,2019-06,Bourke,Bourke,-30.1,145.9333,1
2019,July,2019-07,Bourke,Bourke,-30.1,145.9333,1
2019,August,2019-08,Bourke,Bourke,-30.1,145.9333,1
2019,September,2019-09,Bourke,Bourke,-30.1,145.9333,1
2019,October,2019-10,Bourke,Bourke,-30.1,145.9333,1
2019,November,2019-11,Bourke,Bourke,-30.1,145.9333,1
2019,December,2019-12,Bourke,Bourke,-30.1,145.9333,1
2020,January,2020-01,Bourke,Bourke,-30.1,145.9333,1
2020,February,2020-02,Bourke,Bourke,-30.1,145.9333,1
2019,January,2019-01,Wilcannia,Wilcannia,-31.559,143.3785,1
2019,February,2019-02,Wilcannia,Wilcannia,-31.559,143.3785,1
2019,March,2019-03,Wilcannia,Wilcannia,-31.559,143.3785,1
2019,April,2019-04,Wilcannia,Wilcannia,-31.559,143.3785,1
2019,May,2019-05,Wilcannia,Wilcannia,-31.559,143.3785,1
2019,June,2019-06,Wilcannia,Wilcannia,-31.559,143.3785,1
2019,July,2019-07,Wilcannia,Wilcannia,-31.559,143.3785,1
2019,August,2019-08,Wilcannia,Wilcannia,-31.559,143.3785,1
2019,September,2019-09,Wilcannia,Wilcannia,-31.559,143.3785,1
2019,October,2019-10,Wilcannia,Wilcannia,-31.559,143.3785,1
2019,November,2019-11,Wilcannia,Wilcannia,-31.559,143.3785,1
2019,December,2019-12,Wilcannia,Wilcannia,-31.559,143.3785,1
2020,January,2020-01,Wilcannia,Wilcannia,-31.559,143.3785,1
2020,February,2020-02,Wilcannia,Wilcannia,-31.559,143.3785,1
2019,January,2019-01,Collarenebri,Collarenebri,-29.55,148.5833,1
2019,February,2019-02,Collarenebri,Collarenebri,-29.55,148.5833,1
2019,March,2019-03,Collarenebri,Collarenebri,-29.55,148.5833,1
2019,April,2019-04,Collarenebri,Collarenebri,-29.55,148.5833,1
2019,May,2019-05,Collarenebri,Collarenebri,-29.55,148.5833,1
2019,June,2019-06,Collarenebri,Collarenebri,-29.55,148.5833,1
2019,July,2019-07,Collarenebri,Collarenebri,-29.55,148.5833,1
2019,August,2019-08,Collarenebri,Collarenebri,-29.55,148.5833,1
2019,September,2019-09,Collarenebri,Collarenebri,-29.55,148.5833,1
2019,October,2019-10,Collarenebri,Collarenebri,-29.55,148.5833,1
2019,November,2019-11,Collarenebri,Collarenebri,-29.55,148.5833,1
2019,December,2019-12,Collarenebri,Collarenebri,-29.55,148.5833,1
2020,January,2020-01,Collarenebri,Collarenebri,-29.55,148.5833,1
2020,February,2020-02,Collarenebri,Collarenebri,-29.55,148.5833,1
2019,January,2019-01,Brewarrina,Brewarrina,-29.96,146.8611,1
2019,February,2019-02,Brewarrina,Brewarrina,-29.96,146.8611,1
2019,March,2019-03,Brewarrina,Brewarrina,-29.96,146.8611,1
2019,April,2019-04,Brewarrina,Brewarrina,-29.96,146.8611,1
2019,May,2019-05,Brewarrina,Brewarrina,-29.96,146.8611,1
2019,June,2019-06,Brewarrina,Brewarrina,-29.96,146.8611,1
2019,July,2019-07,Brewarrina,Brewarrina,-29.96,146.8611,1
2019,August,2019-08,Brewarrina,Brewarrina,-29.96,146.8611,1
2019,September,2019-09,Brewarrina,Brewarrina,-29.96,146.8611,1
2019,October,2019-10,Brewarrina,Brewarrina,-29.96,146.8611,1
2019,November,2019-11,Brewarrina,Brewarrina,-29.96,146.8611,1
2019,December,2019-12,Brewarrina,Brewarrina,-29.96,146.8611,1
2020,January,2020-01,Brewarrina,Brewarrina,-29.96,146.8611,1
2020,February,2020-02,Brewarrina,Brewarrina,-29.96,146.8611,1
2019,January,2019-01,Angledool,Angledool,-29.1039,147.9178,1
2019,February,2019-02,Angledool,Angledool,-29.1039,147.9178,1
2019,March,2019-03,Angledool,Angledool,-29.1039,147.9178,1
2019,April,2019-04,Angledool,Angledool,-29.1039,147.9178,1
2019,May,2019-05,Angledool,Angledool,-29.1039,147.9178,1
2019,June,2019-06,Angledool,Angledool,-29.1039,147.9178,1
2019,July,2019-07,Angledool,Angledool,-29.1039,147.9178,1
2019,August,2019-08,Angledool,Angledool,-29.1039,147.9178,1
2019,September,2019-09,Angledool,Angledool,-29.1039,147.9178,1
2019,October,2019-10,Angledool,Angledool,-29.1039,147.9178,1
2019,November,2019-11,Angledool,Angledool,-29.1039,147.9178,1
2019,December,2019-12,Angledool,Angledool,-29.1039,147.9178,1
2020,January,2020-01,Angledool,Angledool,-29.1039,147.9178,1
2020,February,2020-02,Angledool,Angledool,-29.1039,147.9178,1
2019,January,2019-01,Gongolgon,Gongolgon,-30.3495,146.8963,1
2019,February,2019-02,Gongolgon,Gongolgon,-30.3495,146.8963,1
2019,March,2019-03,Gongolgon,Gongolgon,-30.3495,146.8963,1
2019,April,2019-04,Gongolgon,Gongolgon,-30.3495,146.8963,1
2019,May,2019-05,Gongolgon,Gongolgon,-30.3495,146.8963,1
2019,June,2019-06,Gongolgon,Gongolgon,-30.3495,146.8963,1
2019,July,2019-07,Gongolgon,Gongolgon,-30.3495,146.8963,1
2019,August,2019-08,Gongolgon,Gongolgon,-30.3495,146.8963,1
2019,September,2019-09,Gongolgon,Gongolgon,-30.3495,146.8963,1
2019,October,2019-10,Gongolgon,Gongolgon,-30.3495,146.8963,1
2019,November,2019-11,Gongolgon,Gongolgon,-30.3495,146.8963,1
2019,December,2019-12,Gongolgon,Gongolgon,-30.3495,146.8963,1
2020,January,2020-01,Gongolgon,Gongolgon,-30.3495,146.8963,1
2020,February,2020-02,Gongolgon,Gongolgon,-30.3495,146.8963,1
2019,January,2019-01,Tibooburra,Tibooburra,-29.4331,142.0081,1
2019,February,2019-02,Tibooburra,Tibooburra,-29.4331,142.0081,1
2019,March,2019-03,Tibooburra,Tibooburra,-29.4331,142.0081,1
2019,April,2019-04,Tibooburra,Tibooburra,-29.4331,142.0081,1
2019,May,2019-05,Tibooburra,Tibooburra,-29.4331,142.0081,1
2019,June,2019-06,Tibooburra,Tibooburra,-29.4331,142.0081,1
2019,July,2019-07,Tibooburra,Tibooburra,-29.4331,142.0081,1
2019,August,2019-08,Tibooburra,Tibooburra,-29.4331,142.0081,1
2019,September,2019-09,Tibooburra,Tibooburra,-29.4331,142.0081,1
2019,October,2019-10,Tibooburra,Tibooburra,-29.4331,142.0081,1
2019,November,2019-11,Tibooburra,Tibooburra,-29.4331,142.0081,1
2019,December,2019-12,Tibooburra,Tibooburra,-29.4331,142.0081,1
2020,January,2020-01,Tibooburra,Tibooburra,-29.4331,142.0081,1
2020,February,2020-02,Tibooburra,Tibooburra,-29.4331,142.0081,1
2019,January,2019-01,Packsaddle,Packsaddle,-30.2971,142.125,1
2019,February,2019-02,Packsaddle,Packsaddle,-30.2971,142.125,1
2019,March,2019-03,Packsaddle,Packsaddle,-30.2971,142.125,1
2019,April,2019-04,Packsaddle,Packsaddle,-30.2971,142.125,1
2019,May,2019-05,Packsaddle,Packsaddle,-30.2971,142.125,1
2019,June,2019-06,Packsaddle,Packsaddle,-30.2971,142.125,1
2019,July,2019-07,Packsaddle,Packsaddle,-30.2971,142.125,1
2019,August,2019-08,Packsaddle,Packsaddle,-30.2971,142.125,1
2019,September,2019-09,Packsaddle,Packsaddle,-30.2971,142.125,1
2019,October,2019-10,Packsaddle,Packsaddle,-30.2971,142.125,1
2019,November,2019-11,Packsaddle,Packsaddle,-30.2971,142.125,1
2019,December,2019-12,Packsaddle,Packsaddle,-30.2971,142.125,1
2020,January,2020-01,Packsaddle,Packsaddle,-30.2971,142.125,1
2020,February,2020-02,Packsaddle,Packsaddle,-30.2971,142.125,1
2019,January,2019-01,Byrock,Byrock,-30.6619,146.404,1
2019,February,2019-02,Byrock,Byrock,-30.6619,146.404,1
2019,March,2019-03,Byrock,Byrock,-30.6619,146.404,1
2019,April,2019-04,Byrock,Byrock,-30.6619,146.404,1
2019,May,2019-05,Byrock,Byrock,-30.6619,146.404,1
2019,June,2019-06,Byrock,Byrock,-30.6619,146.404,1
2019,July,2019-07,Byrock,Byrock,-30.6619,146.404,1
2019,August,2019-08,Byrock,Byrock,-30.6619,146.404,1
2019,September,2019-09,Byrock,Byrock,-30.6619,146.404,1
2019,October,2019-10,Byrock,Byrock,-30.6619,146.404,1
2019,November,2019-11,Byrock,Byrock,-30.6619,146.404,1
2019,December,2019-12,Byrock,Byrock,-30.6619,146.404,1
2020,January,2020-01,Byrock,Byrock,-30.6619,146.404,1
2020,February,2020-02,Byrock,Byrock,-30.6619,146.404,1
2019,January,2019-01,Menindee,Menindee,-32.4005,142.4116,1
2019,February,2019-02,Menindee,Menindee,-32.4005,142.4116,1
2019,March,2019-03,Menindee,Menindee,-32.4005,142.4116,1
2019,April,2019-04,Menindee,Menindee,-32.4005,142.4116,1
2019,May,2019-05,Menindee,Menindee,-32.4005,142.4116,1
2019,June,2019-06,Menindee,Menindee,-32.4005,142.4116,1
2019,July,2019-07,Menindee,Menindee,-32.4005,142.4116,1
2019,August,2019-08,Menindee,Menindee,-32.4005,142.4116,1
2019,September,2019-09,Menindee,Menindee,-32.4005,142.4116,1
2019,October,2019-10,Menindee,Menindee,-32.4005,142.4116,1
2019,November,2019-11,Menindee,Menindee,-32.4005,142.4116,1
2019,December,2019-12,Menindee,Menindee,-32.4005,142.4116,1
2020,January,2020-01,Menindee,Menindee,-32.4005,142.4116,1
2020,February,2020-02,Menindee,Menindee,-32.4005,142.4116,1
2019,January,2019-01,Walgett,Walgett,-30.0167,148.1167,1
2019,February,2019-02,Walgett,Walgett,-30.0167,148.1167,1
2019,March,2019-03,Walgett,Walgett,-30.0167,148.1167,1
2019,April,2019-04,Walgett,Walgett,-30.0167,148.1167,1
2019,May,2019-05,Walgett,Walgett,-30.0167,148.1167,1
2019,June,2019-06,Walgett,Walgett,-30.0167,148.1167,1
2019,July,2019-07,Walgett,Walgett,-30.0167,148.1167,1
2019,August,2019-08,Walgett,Walgett,-30.0167,148.1167,1
2019,September,2019-09,Walgett,Walgett,-30.0167,148.1167,1
2019,October,2019-10,Walgett,Walgett,-30.0167,148.1167,1
2019,November,2019-11,Walgett,Walgett,-30.0167,148.1167,1
2019,December,2019-12,Walgett,Walgett,-30.0167,148.1167,1
2020,January,2020-01,Walgett,Walgett,-30.0167,148.1167,1
2020,February,2020-02,Walgett,Walgett,-30.0167,148.1167,1
2020,March,2020-03,Walgett,Walgett,-30.0167,148.1167,1
2020,April,2020-04,Walgett,Walgett,-30.0167,148.1167,1
2020,May,2020-05,Walgett,Walgett,-30.0167,148.1167,1
2020,June,2020-06,Walgett,Walgett,-30.0167,148.1167,1
2020,July,2020-07,Walgett,Walgett,-30.0167,148.1167,1
2021,April,2021-04,Walgett,Walgett,-30.0167,148.1167,0
2020,May,2020-05,Eden,Eden,-37.0667,149.9,0
2020,June,2020-06,Eden,Eden,-37.0667,149.9,0
2020,July,2020-07,Eden,Eden,-37.0667,149.9,0
2020,August,2020-08,Eden,Eden,-37.0667,149.9,0
2020,September,2020-09,Eden,Eden,-37.0667,149.9,0
2020,October,2020-10,Eden,Eden,-37.0667,149.9,0
2020,November,2020-11,Eden,Eden,-37.0667,149.9,0
2020,December,2020-12,Eden,Eden,-37.0667,149.9,0
2021,January,2021-01,Eden,Eden,-37.0667,149.9,0
2021,February,2021-02,Eden,Eden,-37.0667,149.9,0
2021,March,2021-03,Eden,Eden,-37.0667,149.9,0
2021,April,2021-04,Eden,Eden,-37.0667,149.9,0
2020,May,2020-05,Bemboka,Bemboka,-36.6281,149.5696,0
2020,June,2020-06,Bemboka,Bemboka,-36.6281,149.5696,0
2020,July,2020-07,Bemboka,Bemboka,-36.6281,149.5696,0
2020,August,2020-08,Bemboka,Bemboka,-36.6281,149.5696,0
2020,September,2020-09,Bemboka,Bemboka,-36.6281,149.5696,0
2020,October,2020-10,Bemboka,Bemboka,-36.6281,149.5696,0
2020,November,2020-11,Bemboka,Bemboka,-36.6281,149.5696,0
2020,December,2020-12,Bemboka,Bemboka,-36.6281,149.5696,0
2021,January,2021-01,Bemboka,Bemboka,-36.6281,149.5696,0
2021,February,2021-02,Bemboka,Bemboka,-36.6281,149.5696,0
2021,March,2021-03,Bemboka,Bemboka,-36.6281,149.5696,0
2021,April,2021-04,Bemboka,Bemboka,-36.6281,149.5696,0
2020,May,2020-05,Brogo,Brogo,-36.5454,149.8072,0
2020,June,2020-06,Brogo,Brogo,-36.5454,149.8072,0
2020,July,2020-07,Brogo,Brogo,-36.5454,149.8072,0
2020,August,2020-08,Brogo,Brogo,-36.5454,149.8072,0
2020,September,2020-09,Brogo,Brogo,-36.5454,149.8072,0
2020,October,2020-10,Brogo,Brogo,-36.5454,149.8072,0
2020,November,2020-11,Brogo,Brogo,-36.5454,149.8072,0
2020,December,2020-12,Brogo,Brogo,-36.5454,149.8072,0
2021,January,2021-01,Brogo,Brogo,-36.5454,149.8072,0
2021,February,2021-02,Brogo,Brogo,-36.5454,149.8072,0
2021,March,2021-03,Brogo,Brogo,-36.5454,149.8072,0
2021,April,2021-04,Brogo,Brogo,-36.5454,149.8072,0
2020,May,2020-05,Bermagui,Bermagui,-36.4167,150.0667,0
2020,June,2020-06,Bermagui,Bermagui,-36.4167,150.0667,0
2020,July,2020-07,Bermagui,Bermagui,-36.4167,150.0667,0
2020,August,2020-08,Bermagui,Bermagui,-36.4167,150.0667,0
2020,September,2020-09,Bermagui,Bermagui,-36.4167,150.0667,0
2020,October,2020-10,Bermagui,Bermagui,-36.4167,150.0667,0
2020,November,2020-11,Bermagui,Bermagui,-36.4167,150.0667,0
2020,December,2020-12,Bermagui,Bermagui,-36.4167,150.0667,0
2021,January,2021-01,Bermagui,Bermagui,-36.4167,150.0667,0
2021,February,2021-02,Bermagui,Bermagui,-36.4167,150.0667,0
2021,March,2021-03,Bermagui,Bermagui,-36.4167,150.0667,0
2021,April,2021-04,Bermagui,Bermagui,-36.4167,150.0667,0
2020,May,2020-05,Bega,Bega,-36.6742,149.8429,0
2020,June,2020-06,Bega,Bega,-36.6742,149.8429,0
2020,July,2020-07,Bega,Bega,-36.6742,149.8429,0
2020,August,2020-08,Bega,Bega,-36.6742,149.8429,0
2020,September,2020-09,Bega,Bega,-36.6742,149.8429,0
2020,October,2020-10,Bega,Bega,-36.6742,149.8429,0
2020,November,2020-11,Bega,Bega,-36.6742,149.8429,0
2020,December,2020-12,Bega,Bega,-36.6742,149.8429,0
2021,January,2021-01,Bega,Bega,-36.6742,149.8429,0
2021,February,2021-02,Bega,Bega,-36.6742,149.8429,0
2021,March,2021-03,Bega,Bega,-36.6742,149.8429,0
2021,April,2021-04,Bega,Bega,-36.6742,149.8429,0
2020,May,2020-05,Casino,Casino,-28.8667,153.05,0
2020,June,2020-06,Casino,Casino,-28.8667,153.05,0
2020,July,2020-07,Casino,Casino,-28.8667,153.05,0
2020,August,2020-08,Casino,Casino,-28.8667,153.05,0
2020,September,2020-09,Casino,Casino,-28.8667,153.05,0
2020,October,2020-10,Casino,Casino,-28.8667,153.05,0
2020,November,2020-11,Casino,Casino,-28.8667,153.05,0
2020,December,2020-12,Casino,Casino,-28.8667,153.05,0
2021,January,2021-01,Casino,Casino,-28.8667,153.05,0
2021,February,2021-02,Casino,Casino,-28.8667,153.05,0
2021,March,2021-03,Casino,Casino,-28.8667,153.05,0
2021,April,2021-04,Casino,Casino,-28.8667,153.05,0
2020,May,2020-05,Bonalbo,Bonalbo,-28.7372,152.622,0
2020,June,2020-06,Bonalbo,Bonalbo,-28.7372,152.622,0
2020,July,2020-07,Bonalbo,Bonalbo,-28.7372,152.622,0
2020,August,2020-08,Bonalbo,Bonalbo,-28.7372,152.622,0
2020,September,2020-09,Bonalbo,Bonalbo,-28.7372,152.622,0
2020,October,2020-10,Bonalbo,Bonalbo,-28.7372,152.622,0
2020,November,2020-11,Bonalbo,Bonalbo,-28.7372,152.622,0
2020,December,2020-12,Bonalbo,Bonalbo,-28.7372,152.622,0
2021,January,2021-01,Bonalbo,Bonalbo,-28.7372,152.622,0
2021,February,2021-02,Bonalbo,Bonalbo,-28.7372,152.622,0
2021,March,2021-03,Bonalbo,Bonalbo,-28.7372,152.622,0
2021,April,2021-04,Bonalbo,Bonalbo,-28.7372,152.622,0
2020,March,2020-03,Scone,Scone,-32.0833,150.85,0
2020,November,2020-11,Scone,Scone,-32.0833,150.85,0
2020,December,2020-12,Scone,Scone,-32.0833,150.85,0
2021,January,2021-01,Scone,Scone,-32.0833,150.85,0
2021,February,2021-02,Scone,Scone,-32.0833,150.85,0
2021,March,2021-03,Scone,Scone,-32.0833,150.85,0
2021,April,2021-04,Scone,Scone,-32.0833,150.85,0
2020,March,2020-03,Murrurundi,Murrurundi,-31.75,150.8333,0
2020,November,2020-11,Murrurundi,Murrurundi,-31.75,150.8333,0
2020,December,2020-12,Murrurundi,Murrurundi,-31.75,150.8333,0
2021,January,2021-01,Murrurundi,Murrurundi,-31.75,150.8333,0
2021,February,2021-02,Murrurundi,Murrurundi,-31.75,150.8333,0
2021,March,2021-03,Murrurundi,Murrurundi,-31.75,150.8333,0
2021,April,2021-04,Murrurundi,Murrurundi,-31.75,150.8333,0
2020,March,2020-03,Singleton,Singleton,-32.5611,151.1746,0
2020,November,2020-11,Singleton,Singleton,-32.5611,151.1746,0
2020,December,2020-12,Singleton,Singleton,-32.5611,151.1746,0
2021,January,2021-01,Singleton,Singleton,-32.5611,151.1746,0
2021,February,2021-02,Singleton,Singleton,-32.5611,151.1746,0
2021,March,2021-03,Singleton,Singleton,-32.5611,151.1746,0
2021,April,2021-04,Singleton,Singleton,-32.5611,151.1746,0
2002,July,2002-07,Dubbo,Dubbo,-32.2569,148.6011,1
2002,July,2002-07,Bourke,Bourke,-30.1,145.9333,1
2012,March,2012-03,Wagga Wagga,Wagga Wagga,-35.1189,147.3689,0
2013,February,2013-02,Smithtown,Smithtown,-31,152.9333,0
2012,March,2012-03,Hay,Hay,-34.5041,144.8442,0
2013,March,2013-03,Tocal,Tocal,-32.633,151.5925,0
2013,January,2013-01,Grafton,Grafton,-29.6833,152.9333,0
2013,June,2013-06,Nowra,Nowra,-34.8746,150.6025,0
2013,June,2013-06,Ulladulla,Ulladulla,-35.3486,150.4678,0
2013,June,2013-06,Goulburn,Goulburn,-34.7547,149.6186,0
2013,March,2013-03,Port Macquarie,Port Macquarie,-31.4307,152.9063,0
2013,January,2013-01,Boggabilla,Boggabilla,-28.603,150.3587,0
2013,March,2013-03,Taree,Taree,-31.9112,152.4602,0
2013,March,2013-03,Smithtown,Smithtown,-31,152.9333,0
2013,March,2013-03,Raymond Terrace,Raymond Terrace,-32.7623,151.7436,0
2014,June,2014-06,Walgett,Walgett,-30.0167,148.1167,1
2014,June,2014-06,Coonamble,Coonamble,-30.95,148.4,1
2014,May,2014-05,Coonamble,Coonamble,-30.95,148.4,1
2014,June,2014-06,Coonabarabran,Coonabarabran,-31.25,149.2667,1
2014,May,2014-05,Coonabarabran,Coonabarabran,-31.25,149.2667,1
2014,June,2014-06,Narrabri,Narrabri,-30.3167,149.7667,1
2014,May,2014-05,Narrabri,Narrabri,-30.3167,149.7667,1
2014,June,2014-06,Tamworth,Tamworth,-31.083,150.917,1
2014,May,2014-05,Tamworth,Tamworth,-31.083,150.917,1
2019,March,2019-03,Bogan Shire,Bogan,-31.567,147.2,1
2019,March,2019-03,Coonamble,Coonamble,-30.95,148.4,1
2019,March,2019-03,Gilgandra,Gilgandra,-31.7,148.6667,1
2019,March,2019-03,Warren,Warren,-31.7,147.833,1
2020,June,2020-06,Tamworth,Tamworth,-31.083,150.917,1
2020,May,2020-05,Tamworth,Tamworth,-31.083,150.917,1
2020,May,2020-05,Wellington,Wellington,-41.2851,174.776,1
2020,June,2020-06,Nyngan,Nyngan,-31.563,147.1962,1
2020,April,2020-04,Wellington,Wellington,-41.2851,174.776,1
2020,April,2020-04,Nyngan,Nyngan,-31.563,147.1962,1
2020,April,2020-04,Cobargo,Cobargo,-36.3667,149.9,0
2020,April,2020-04,Bega,Bega,-36.6742,149.8429,0
2020,March,2020-03,Tamworth,Tamworth,-31.083,150.917,1
2020,March,2020-03,Narrabri,Narrabri,-30.3167,149.7667,1
2020,March,2020-03,Wellington,Wellington,-41.2851,174.776,1
2020,March,2020-03,Cobargo,Cobargo,-36.3667,149.9,0
2020,March,2020-03,Bega,Bega,-36.6742,149.8429,0
2021,January,2021-01,Narrabri,Narrabri,-30.3167,149.7667,0
2020,January,2020-01,Casino,Casino,-28.8667,153.05,1
2020,February,2020-02,Casino,Casino,-28.8667,153.05,0
2020,March,2020-03,Casino,Casino,-28.8667,153.05,0
2020,April,2020-04,Casino,Casino,-28.8667,153.05,0
2020,May,2020-05,Casino,Casino,-28.8667,153.05,0
2020,November,2020-11,Dungog,Dungog,-32.3983,151.7525,0
2021,February,2021-02,Dungog,Dungog,-32.3983,151.7525,0
2021,March,2021-03,Dungog,Dungog,-32.3983,151.7525,0
2019,November,2019-11,Inglewood,Inglewood,-28.4167,151.0833,1
2019,December,2019-12,Inglewood,Inglewood,-28.4167,151.0833,1
2020,January,2020-01,Inglewood,Inglewood,-28.4167,151.0833,1
2020,February,2020-02,Inglewood,Inglewood,-28.4167,151.0833,1
2021,April,2021-04,Inglewood,Inglewood,-28.4167,151.0833,0
2021,May,2021-05,Inglewood,Inglewood,-28.4167,151.0833,0
2020,September,2020-09,City of Wagga Wagga,Wagga Wagga,-35.133,147.367,0
2020,October,2020-10,City of Wagga Wagga,Wagga Wagga,-35.133,147.367,0
2020,November,2020-11,City of Wagga Wagga,Wagga Wagga,-35.133,147.367,0
2020,December,2020-12,City of Wagga Wagga,Wagga Wagga,-35.133,147.367,0
2021,January,2021-01,City of Wagga Wagga,Wagga Wagga,-35.133,147.367,0
2021,February,2021-02,City of Wagga Wagga,Wagga Wagga,-35.133,147.367,0
2021,March,2021-03,City of Wagga Wagga,Wagga Wagga,-35.133,147.367,0
